<?xml version="1.0" encoding="UTF-8"?><?xml-stylesheet  href="../../theme/xsl/index2html.xslt" type="text/xsl"?>
<topics FeatureID="-1" title="Phonebook" compressed="true">
   <topicref FeatureID="-1" href="FDN_HLP_FDN_NUM_EDIT_VIEW.html" navtitle="Edit contacts"/>
   <topicref FeatureID="-1" href="FDN_HLP_FDN_NUMBER_VIEW.html" navtitle="Fixed dialling contacts"/>
   <topicref FeatureID="-1" href="FDN_HLP_FDN_VIEW.html" navtitle="Restrict calls"/>
   <topicref FeatureID="-1" href="SDN_HLP_APP.html" navtitle="Service numbers"/>
   <topicref FeatureID="-1" href="HLP_CCA_DETAILS.html" navtitle="Contact details"/>
   <topicref FeatureID="-1" href="HLP_CCA_EDITOR.html" navtitle="Edit contact cards"/>
   <topicref FeatureID="-1" href="HLP_CCA_LAUNCHER.html" navtitle="Contact cards"/>
   <topicref FeatureID="-1" href="PHOB_HLP_GROUP_LIST.html" navtitle="Contact groups"/>
   <topicref FeatureID="-1" href="PHOB_HLP_SIM_LIST.html" navtitle="SIM contacts directory"/>
   <topicref FeatureID="-1" href="PHOB_HLP_MY_NUMBERS.html" navtitle="My numbers"/>
   <topicref FeatureID="-1" href="PHOB_HLP_GROUP_MEMBER_LIST.html" navtitle="Group members"/>
   <topicref FeatureID="-1" href="PHOB_HLP_SETTINGS.html" navtitle="Contacts settings"/>
   <topicref FeatureID="-1" href="PHOB_HLP_NAME_LIST.html" navtitle="Contacts directory"/>
</topics>